{
    "feat_type": "logfbank",
    "label_head": 2,
    "label_tail": -2,
    "sim_mic": 1,
    "mic_res": 12,
    "n_filt": 16,
    "qf": 0,
    "fqi": 12,
    "fqf": 0,
    "nfft": 1024,
    "mfcc": 0,
    "gradient": 0,
    "log_feat": 1,
    "approx_log": 0,
    "norm_feat": 1,
    "frame_size": 0.016384,
    "frame_stride": 0.016384,
    "sample_rate": 16000,
    "freq_low": 100,
    "freq_high": 8000,
    "gain_ctrl": 0,
    "remove_offset": 1,
    "oversample_factor": 1,
    "ch_orders": 2,
    "q_factors": 3,
    "f_spacing": "mel",
    "f_centers": [99, 188, 415, 495, 950, 1050, 1410, 1750, 2200, 2130, 3350, 3420, 4940, 3450, 5450, 6000],
    "double_dynamic_range": false,
    "channel_offset": 0,
    "channel_scale": [1.146288, 1.218537, 1.385661, 1.595791, 1.466709, 1.147764, 1, 1.613504,
                      1.215107, 1.180014, 1.260337, 1.225395, 1.312097, 1.309115, 1.403443, 1.405062]
}